protein,proteoform_id,glycosylation_sites
O00754-1,O00754-1_PF_1,692-None 930-G41247ZX
O00754-1,O00754-1_PF_2,692-None 930-None
O00754-1,O00754-1_PF_3,692-G28681TP 930-G41247ZX
O00754-1,O00754-1_PF_4,692-G28681TP 930-None
O14672-1,O14672-1_PF_1,278-G80920RR
O14672-1,O14672-1_PF_2,278-None
O43405-1,O43405-1_PF_1,100-G27126ED
O43405-1,O43405-1_PF_2,100-None
O43852-1,O43852-1_PF_1,131-G25987BV
O43852-1,O43852-1_PF_2,131-None
O43852-1,O43852-1_PF_3,131-G88725PI
O43852-1,O43852-1_PF_4,131-G80475RE
O75636-1,O75636-1_PF_1,189-G07799LX
O75636-1,O75636-1_PF_2,189-G08293MJ
O75636-1,O75636-1_PF_3,189-None
O75636-1,O75636-1_PF_4,189-G88374WZ
O75882-1,O75882-1_PF_1,325-None 416-G02815KT 428-G28541PG 731-None 1043-G47737VJ
O75882-1,O75882-1_PF_2,325-None 416-G02815KT 428-G28541PG 731-None 1043-G00912UN
O75882-1,O75882-1_PF_3,325-None 416-G02815KT 428-G28541PG 731-G47737VJ 1043-G47737VJ
O75882-1,O75882-1_PF_4,325-None 416-G02815KT 428-G28541PG 731-G00912UN 1043-G47737VJ
O75882-1,O75882-1_PF_5,325-None 416-G02815KT 428-G28541PG 731-G47737VJ 1043-None
O75882-1,O75882-1_PF_6,325-None 416-G02815KT 428-G28541PG 731-None 1043-None
O75882-1,O75882-1_PF_7,325-None 416-G02815KT 428-G28541PG 731-G00912UN 1043-G00912UN
O75882-1,O75882-1_PF_8,325-None 416-G02815KT 428-G02815KT 731-G00912UN 1043-G47737VJ
O75882-1,O75882-1_PF_9,325-None 416-G02815KT 428-G28541PG 731-G47737VJ 1043-G00912UN
O75882-1,O75882-1_PF_10,325-None 416-G02815KT 428-G28541PG 731-G00912UN 1043-None
O95302-1,O95302-1_PF_1,174-None 286-G80920RR
O95302-1,O95302-1_PF_2,174-G62765YT 286-G25079LO
O95302-1,O95302-1_PF_3,174-G62765YT 286-G80920RR
O95302-1,O95302-1_PF_4,174-None 286-None
O95302-1,O95302-1_PF_5,174-G62765YT 286-None
O95302-1,O95302-1_PF_6,174-None 286-G25079LO
O95445-1,O95445-1_PF_1,135-G47737VJ
O95445-1,O95445-1_PF_2,135-None
O95445-1,O95445-1_PF_3,135-G00912UN
P00450-1,P00450-1_PF_1,138-G05933EN 358-G00912UN 397-G15038BD 762-None
P00450-1,P00450-1_PF_2,138-G05933EN 358-G00912UN 397-G15038BD 762-G40926MX
P00450-1,P00450-1_PF_3,138-G05933EN 358-G00912UN 397-G15038BD 762-G60033FS
P00450-1,P00450-1_PF_4,138-G05933EN 358-G00912UN 397-G15038BD 762-G66933CM
P00450-1,P00450-1_PF_5,138-G05933EN 358-G00912UN 397-G15038BD 762-G12341GU
P00450-1,P00450-1_PF_6,138-G05933EN 358-G00912UN 397-G15038BD 762-G59626AS
P00450-1,P00450-1_PF_7,138-G05933EN 358-G00912UN 397-G15038BD 762-G27947YN
P00450-1,P00450-1_PF_8,138-G05933EN 358-G00912UN 397-G15038BD 762-G85144OK
P00450-1,P00450-1_PF_9,138-G05933EN 358-G00912UN 397-G15038BD 762-G10486CT
P00450-1,P00450-1_PF_10,138-G05933EN 358-G00912UN 397-G15038BD 762-G05933EN
P00734-1,P00734-1_PF_1,121-G59626AS 143-G05933EN 416-None
P00734-1,P00734-1_PF_2,121-G59626AS 143-G00912UN 416-None
P00734-1,P00734-1_PF_3,121-G59626AS 143-G00912UN 416-G05933EN
P00734-1,P00734-1_PF_4,121-G59626AS 143-G05933EN 416-G59626AS
P00734-1,P00734-1_PF_5,121-G59626AS 143-G05933EN 416-G00912UN
P00734-1,P00734-1_PF_6,121-G59626AS 143-G05933EN 416-G60923RB
P00734-1,P00734-1_PF_7,121-G59626AS 143-G05933EN 416-G05933EN
P00734-1,P00734-1_PF_8,121-G59626AS 143-G00912UN 416-G60923RB
P00734-1,P00734-1_PF_9,121-G59626AS 143-G00912UN 416-G00912UN
P00734-1,P00734-1_PF_10,121-G59626AS 143-G00912UN 416-G59626AS
P00736-1,P00736-1_PF_1,514-G00912UN
P00736-1,P00736-1_PF_2,514-None
P00738-1,P00738-1_PF_1,184-G66933CM 207-G00912UN 211-None 241-G88374WZ
P00738-1,P00738-1_PF_2,184-G66933CM 207-G00912UN 211-None 241-G27947YN
P00738-1,P00738-1_PF_3,184-G66933CM 207-G00912UN 211-None 241-G40926MX
P00738-1,P00738-1_PF_4,184-G66933CM 207-G00912UN 211-None 241-G12341GU
P00738-1,P00738-1_PF_5,184-G66933CM 207-G00912UN 211-None 241-G43669FQ
P00738-1,P00738-1_PF_6,184-G66933CM 207-G00912UN 211-None 241-None
P00738-1,P00738-1_PF_7,184-G66933CM 207-G00912UN 211-None 241-G45504EY
P00738-1,P00738-1_PF_8,184-G66933CM 207-G00912UN 211-None 241-G41044JW
P00738-1,P00738-1_PF_9,184-G66933CM 207-G00912UN 211-None 241-G60033FS
P00738-1,P00738-1_PF_10,184-G66933CM 207-G00912UN 211-None 241-G66933CM
P00747-1,P00747-1_PF_1,308-G59626AS
P00747-1,P00747-1_PF_2,308-None
P00747-1,P00747-1_PF_3,308-G00912UN
P00748-1,P00748-1_PF_1,433-None
P00748-1,P00748-1_PF_2,433-G00912UN
P00751-1,P00751-1_PF_1,122-G59626AS 285-G05933EN 378-G47737VJ
P00751-1,P00751-1_PF_2,122-G59626AS 285-G05933EN 378-G00912UN
P00751-1,P00751-1_PF_3,122-G59626AS 285-G00912UN 378-G00912UN
P00751-1,P00751-1_PF_4,122-G59626AS 285-G05933EN 378-G88374WZ
P00751-1,P00751-1_PF_5,122-G59626AS 285-G00912UN 378-G88374WZ
P00751-1,P00751-1_PF_6,122-G59626AS 285-G05933EN 378-None
P00751-1,P00751-1_PF_7,122-G59626AS 285-G00912UN 378-None
P00751-1,P00751-1_PF_8,122-G59626AS 285-G05933EN 378-G59626AS
P00751-1,P00751-1_PF_9,122-G59626AS 285-G00912UN 378-G59626AS
P00751-1,P00751-1_PF_10,122-G59626AS 285-G00912UN 378-G47737VJ
P01008-1,P01008-1_PF_1,128-G00912UN 187-G00912UN 224-None
P01008-1,P01008-1_PF_2,128-G00912UN 187-G59626AS 224-None
P01008-1,P01008-1_PF_3,128-G00912UN 187-G88374WZ 224-None
P01008-1,P01008-1_PF_4,128-G00912UN 187-None 224-G00912UN
P01008-1,P01008-1_PF_5,128-G00912UN 187-G00912UN 224-G00912UN
P01008-1,P01008-1_PF_6,128-G00912UN 187-G10486CT 224-G00912UN
P01008-1,P01008-1_PF_7,128-G00912UN 187-None 224-None
P01008-1,P01008-1_PF_8,128-G00912UN 187-G59626AS 224-G00912UN
P01008-1,P01008-1_PF_9,128-G00912UN 187-G88374WZ 224-G00912UN
P01008-1,P01008-1_PF_10,128-G00912UN 187-G10486CT 224-None
P01009-1,P01009-1_PF_1,70-G59626AS 107-G40926MX 271-G94917XT
P01009-1,P01009-1_PF_2,70-G59626AS 107-G40926MX 271-G08293MJ
P01009-1,P01009-1_PF_3,70-G59626AS 107-G40926MX 271-G43669FQ
P01009-1,P01009-1_PF_4,70-G59626AS 107-G40926MX 271-G59626AS
P01009-1,P01009-1_PF_5,70-G59626AS 107-G40926MX 271-G00912UN
P01009-1,P01009-1_PF_6,70-G59626AS 107-G40926MX 271-G88374WZ
P01009-1,P01009-1_PF_7,70-G59626AS 107-G40926MX 271-G05933EN
P01009-1,P01009-1_PF_8,70-G59626AS 107-G40926MX 271-G83555HU
P01009-1,P01009-1_PF_9,70-G59626AS 107-G40926MX 271-G07799LX
P01009-1,P01009-1_PF_10,70-G59626AS 107-G40926MX 271-G60923RB
P01011-1,P01011-1_PF_1,93-G10486CT 106-G60033FS 127-G00912UN 186-None 271-G85144OK
P01011-1,P01011-1_PF_2,93-G10486CT 106-G60033FS 127-G00912UN 186-None 271-G49739MP
P01011-1,P01011-1_PF_3,93-G10486CT 106-G60033FS 127-G00912UN 186-None 271-G00912UN
P01011-1,P01011-1_PF_4,93-G10486CT 106-G60033FS 127-G00912UN 186-None 271-G88374WZ
P01011-1,P01011-1_PF_5,93-G10486CT 106-G60033FS 127-G00912UN 186-None 271-G60033FS
P01011-1,P01011-1_PF_6,93-G10486CT 106-G60033FS 127-G00912UN 186-None 271-None
P01011-1,P01011-1_PF_7,93-G10486CT 106-G60033FS 127-G00912UN 186-None 271-G94917XT
P01011-1,P01011-1_PF_8,93-G10486CT 106-G60033FS 127-G00912UN 186-None 271-G06247RL
P01011-1,P01011-1_PF_9,93-G10486CT 106-G60033FS 127-G00912UN 186-None 271-G11115RO
P01011-1,P01011-1_PF_10,93-G10486CT 106-G60033FS 127-G00912UN 186-None 271-G12341GU
P01023-1,P01023-1_PF_1,55-G10486CT 247-G10486CT 869-G60923RB 1424-G83555HU
P01023-1,P01023-1_PF_2,55-G10486CT 247-G10486CT 869-G60923RB 1424-G60923RB
P01023-1,P01023-1_PF_3,55-G10486CT 247-G10486CT 869-G60923RB 1424-G06247RL
P01023-1,P01023-1_PF_4,55-G10486CT 247-G10486CT 869-G60923RB 1424-G10486CT
P01023-1,P01023-1_PF_5,55-G10486CT 247-G10486CT 869-G60923RB 1424-G15038BD
P01023-1,P01023-1_PF_6,55-G10486CT 247-G10486CT 869-G60923RB 1424-G88374WZ
P01023-1,P01023-1_PF_7,55-G10486CT 247-G10486CT 869-G60923RB 1424-G59626AS
P01023-1,P01023-1_PF_8,55-G10486CT 247-G10486CT 869-G60923RB 1424-None
P01023-1,P01023-1_PF_9,55-G10486CT 247-G10486CT 869-G60923RB 1424-G94917XT
P01023-1,P01023-1_PF_10,55-G10486CT 247-G10486CT 869-G60923RB 1424-G85144OK
P01024-1,P01024-1_PF_1,85-None
P01024-1,P01024-1_PF_2,85-G41247ZX
P01024-1,P01024-1_PF_3,85-G37399XV
P01024-1,P01024-1_PF_4,85-G01650EU
P01024-1,P01024-1_PF_5,85-G02815KT
P01024-1,P01024-1_PF_6,85-G92050GC
P01024-1,P01024-1_PF_7,85-G31852PQ
P01031-1,P01031-1_PF_1,741-None
P01031-1,P01031-1_PF_2,741-G10486CT
P01033-1,P01033-1_PF_1,53-G00912UN
P01033-1,P01033-1_PF_2,53-G43734MM
P01033-1,P01033-1_PF_3,53-G44953PJ
P01033-1,P01033-1_PF_4,53-G12580WI
P01033-1,P01033-1_PF_5,53-G70087PV
P01033-1,P01033-1_PF_6,53-G68318VE
P01033-1,P01033-1_PF_7,53-None
P01033-1,P01033-1_PF_8,53-G19379ID
P01033-1,P01033-1_PF_9,53-G88374WZ
P01042-1,P01042-1_PF_1,169-G27947YN 205-G88374WZ 294-None
P01042-1,P01042-1_PF_2,169-G27947YN 205-G88374WZ 294-G00912UN
P01042-1,P01042-1_PF_3,169-G27947YN 205-G88374WZ 294-G47737VJ
P01042-1,P01042-1_PF_4,169-G27947YN 205-G88374WZ 294-G94917XT
P01042-1,P01042-1_PF_5,169-G27947YN 205-None 294-G00912UN
P01042-1,P01042-1_PF_6,169-G27947YN 205-None 294-G47737VJ
P01042-1,P01042-1_PF_7,169-G27947YN 205-None 294-G94917XT
P01042-1,P01042-1_PF_8,169-G27947YN 205-None 294-None
P01042-1,P01042-1_PF_9,169-G27947YN 205-G88374WZ 294-G06247RL
P01042-1,P01042-1_PF_10,169-G27947YN 205-None 294-G06247RL
P01591-1,P01591-1_PF_1,71-G00912UN
P01591-1,P01591-1_PF_2,71-G10339FR
P01591-1,P01591-1_PF_3,71-G88374WZ
P01591-1,P01591-1_PF_4,71-G83555HU
P01591-1,P01591-1_PF_5,71-None
P01591-1,P01591-1_PF_6,71-G10486CT
P01591-1,P01591-1_PF_7,71-G08293MJ
P01591-1,P01591-1_PF_8,71-G72791KH
P01591-1,P01591-1_PF_9,71-G59626AS
P01591-1,P01591-1_PF_10,71-G47737VJ
P01857-2,P01857-2_PF_1,180-G60923RB
P01857-2,P01857-2_PF_2,180-G80920RR
P01857-2,P01857-2_PF_3,180-G39446WN
P01857-2,P01857-2_PF_4,180-G15038BD
P01857-2,P01857-2_PF_5,180-G85740DB
P01857-2,P01857-2_PF_6,180-G68318VE
P01857-2,P01857-2_PF_7,180-G88374WZ
P01857-2,P01857-2_PF_8,180-G19379ID
P01857-2,P01857-2_PF_9,180-G31852PQ
P01857-2,P01857-2_PF_10,180-G59937CP
P01859-2,P01859-2_PF_1,176-G68318VE
P01859-2,P01859-2_PF_2,176-G59937CP
P01859-2,P01859-2_PF_3,176-G83555HU
P01859-2,P01859-2_PF_4,176-G25987BV
P01859-2,P01859-2_PF_5,176-None
P01859-2,P01859-2_PF_6,176-G12580WI
P01859-2,P01859-2_PF_7,176-G54600FO
P01859-2,P01859-2_PF_8,176-G08293MJ
P01859-2,P01859-2_PF_9,176-G87051GH
P01859-2,P01859-2_PF_10,176-G88374WZ
P01860-2,P01860-2_PF_1,227-None
P01860-2,P01860-2_PF_2,227-G72787SB
P01861-2,P01861-2_PF_1,177-None
P01861-2,P01861-2_PF_2,177-G59626AS
P01861-2,P01861-2_PF_3,177-G54600FO
P01861-2,P01861-2_PF_4,177-G68318VE
P01861-2,P01861-2_PF_5,177-G65184UU
P01861-2,P01861-2_PF_6,177-G25987BV
P01861-2,P01861-2_PF_7,177-G88374WZ
P01861-2,P01861-2_PF_8,177-G07799LX
P01861-2,P01861-2_PF_9,177-G02886BB
P01861-2,P01861-2_PF_10,177-G83555HU
P01871-2,P01871-2_PF_1,46-G85740DB 209-G59626AS
P01871-2,P01871-2_PF_2,46-G85740DB 209-G86752LQ
P01871-2,P01871-2_PF_3,46-G85740DB 209-G06853GH
P01871-2,P01871-2_PF_4,46-G85740DB 209-None
P01871-2,P01871-2_PF_5,46-G85740DB 209-G85740DB
P01871-2,P01871-2_PF_6,46-G85740DB 209-G68318VE
P01871-2,P01871-2_PF_7,46-G85740DB 209-G00912UN
P01871-2,P01871-2_PF_8,46-G85740DB 209-G05933EN
P01871-2,P01871-2_PF_9,46-G85740DB 209-G98611JV
P01871-2,P01871-2_PF_10,46-G85740DB 209-G36670VW
P01876-2,P01876-2_PF_1,144-G59626AS
P01876-2,P01876-2_PF_2,144-None
P01877-2,P01877-2_PF_1,47-G85740DB 205-G88374WZ
P01877-2,P01877-2_PF_2,47-G85740DB 205-G68318VE
P01877-2,P01877-2_PF_3,47-G85740DB 205-G83646BJ
P01877-2,P01877-2_PF_4,47-G85740DB 205-G44953PJ
P01877-2,P01877-2_PF_5,47-G83555HU 205-G88374WZ
P01877-2,P01877-2_PF_6,47-G85740DB 205-G36670VW
P01877-2,P01877-2_PF_7,47-G85740DB 205-G85740DB
P01877-2,P01877-2_PF_8,47-G85740DB 205-G12580WI
P01877-2,P01877-2_PF_9,47-G85740DB 205-None
P01877-2,P01877-2_PF_10,47-G85740DB 205-G08293MJ
P02675-1,P02675-1_PF_1,394-G00912UN
P02675-1,P02675-1_PF_2,394-G54600FO
P02675-1,P02675-1_PF_3,394-G05933EN
P02675-1,P02675-1_PF_4,394-G08293MJ
P02675-1,P02675-1_PF_5,394-G09197ZW
P02675-1,P02675-1_PF_6,394-G59626AS
P02675-1,P02675-1_PF_7,394-G50073PQ
P02675-1,P02675-1_PF_8,394-G15038BD
P02675-1,P02675-1_PF_9,394-G60923RB
P02675-1,P02675-1_PF_10,394-G83555HU
P02679-1,P02679-1_PF_1,78-G72787SB
P02679-1,P02679-1_PF_2,78-G40926MX
P02679-1,P02679-1_PF_3,78-G00912UN
P02679-1,P02679-1_PF_4,78-G47737VJ
P02679-1,P02679-1_PF_5,78-G19379ID
P02679-1,P02679-1_PF_6,78-G88374WZ
P02679-1,P02679-1_PF_7,78-None
P02679-1,P02679-1_PF_8,78-G59626AS
P02679-1,P02679-1_PF_9,78-G50073PQ
P02679-1,P02679-1_PF_10,78-G45504EY
P02745-1,P02745-1_PF_1,146-G88374WZ
P02745-1,P02745-1_PF_2,146-G83555HU
P02745-1,P02745-1_PF_3,146-None
P02745-1,P02745-1_PF_4,146-G08293MJ
P02745-1,P02745-1_PF_5,146-G59626AS
P02748-1,P02748-1_PF_1,277-None 415-None
P02748-1,P02748-1_PF_2,277-G00912UN 415-G59626AS
P02748-1,P02748-1_PF_3,277-None 415-G59626AS
P02748-1,P02748-1_PF_4,277-G00912UN 415-None
P02749-1,P02749-1_PF_1,162-G08293MJ 183-G44211QA 253-G88374WZ
P02749-1,P02749-1_PF_2,162-G08293MJ 183-None 253-None
P02749-1,P02749-1_PF_3,162-G08293MJ 183-G44211QA 253-None
P02749-1,P02749-1_PF_4,162-G08293MJ 183-G44211QA 253-G10486CT
P02749-1,P02749-1_PF_5,162-G08293MJ 183-G44211QA 253-G59626AS
P02749-1,P02749-1_PF_6,162-G08293MJ 183-None 253-G00912UN
P02749-1,P02749-1_PF_7,162-G08293MJ 183-G44211QA 253-G00912UN
P02749-1,P02749-1_PF_8,162-G08293MJ 183-None 253-G88374WZ
P02749-1,P02749-1_PF_9,162-G08293MJ 183-None 253-G59626AS
P02749-1,P02749-1_PF_10,162-G08293MJ 183-None 253-G10486CT
P02750-1,P02750-1_PF_1,79-G85740DB 186-G59626AS 269-G94917XT
P02750-1,P02750-1_PF_2,79-G85740DB 186-None 269-G94917XT
P02750-1,P02750-1_PF_3,79-G85740DB 186-G59626AS 269-None
P02750-1,P02750-1_PF_4,79-G85740DB 186-None 269-None
P02750-1,P02750-1_PF_5,79-G85740DB 186-G10486CT 269-G44211QA
P02750-1,P02750-1_PF_6,79-G85740DB 186-G00912UN 269-None
P02750-1,P02750-1_PF_7,79-G85740DB 186-G59626AS 269-G44211QA
P02750-1,P02750-1_PF_8,79-G85740DB 186-G00912UN 269-G94917XT
P02750-1,P02750-1_PF_9,79-G85740DB 186-None 269-G44211QA
P02750-1,P02750-1_PF_10,79-G85740DB 186-G00912UN 269-G44211QA
P02751-15,P02751-15_PF_1,430-None 528-G00912UN 542-G59626AS 1007-G00912UN 1244-None
P02751-15,P02751-15_PF_2,430-None 528-G00912UN 542-G59626AS 1007-G68318VE 1244-G59626AS
P02751-15,P02751-15_PF_3,430-None 528-G00912UN 542-G59626AS 1007-G59626AS 1244-None
P02751-15,P02751-15_PF_4,430-None 528-G00912UN 542-G59626AS 1007-G68318VE 1244-G60923RB
P02751-15,P02751-15_PF_5,430-None 528-G00912UN 542-G59626AS 1007-G59626AS 1244-G59626AS
P02751-15,P02751-15_PF_6,430-None 528-G00912UN 542-G59626AS 1007-G00912UN 1244-G60923RB
P02751-15,P02751-15_PF_7,430-None 528-G00912UN 542-G59626AS 1007-G59626AS 1244-G60923RB
P02751-15,P02751-15_PF_8,430-None 528-G00912UN 542-G59626AS 1007-G88374WZ 1244-G60923RB
P02751-15,P02751-15_PF_9,430-None 528-G00912UN 542-G59626AS 1007-G68318VE 1244-None
P02751-15,P02751-15_PF_10,430-None 528-G00912UN 542-G59626AS 1007-G00912UN 1244-G59626AS
P02760-1,P02760-1_PF_1,115-None
P02760-1,P02760-1_PF_2,115-G00912UN
P02763-1,P02763-1_PF_1,33-G44211QA 93-G81128KB 103-G06247RL
P02763-1,P02763-1_PF_2,33-G44211QA 93-G05933EN 103-G95678HJ
P02763-1,P02763-1_PF_3,33-G44211QA 93-G81128KB 103-G95678HJ
P02763-1,P02763-1_PF_4,33-G44211QA 93-G05933EN 103-G06247RL
P02763-1,P02763-1_PF_5,33-G44211QA 93-G05933EN 103-G94917XT
P02763-1,P02763-1_PF_6,33-G44211QA 93-G05933EN 103-None
P02763-1,P02763-1_PF_7,33-G44211QA 93-G81128KB 103-G94917XT
P02763-1,P02763-1_PF_8,33-G44211QA 93-G81128KB 103-G59626AS
P02763-1,P02763-1_PF_9,33-G44211QA 93-G81128KB 103-None
P02763-1,P02763-1_PF_10,33-G44211QA 93-G05933EN 103-G59626AS
P02765-1,P02765-1_PF_1,156-G94917XT 176-G98611JV
P02765-1,P02765-1_PF_2,156-G94917XT 176-G10486CT
P02765-1,P02765-1_PF_3,156-G94917XT 176-G47737VJ
P02765-1,P02765-1_PF_4,156-G94917XT 176-G06247RL
P02765-1,P02765-1_PF_5,156-G94917XT 176-G37412TK
P02765-1,P02765-1_PF_6,156-G94917XT 176-G59626AS
P02765-1,P02765-1_PF_7,156-G94917XT 176-G98596OT
P02765-1,P02765-1_PF_8,156-G94917XT 176-G60923RB
P02765-1,P02765-1_PF_9,156-G94917XT 176-G07799LX
P02765-1,P02765-1_PF_10,156-G94917XT 176-G00912UN
P02787-1,P02787-1_PF_1,432-G27947YN 630-G85144OK
P02787-1,P02787-1_PF_2,432-G27947YN 630-G77338BR
P02787-1,P02787-1_PF_3,432-G27947YN 630-G10486CT
P02787-1,P02787-1_PF_4,432-G27947YN 630-None
P02787-1,P02787-1_PF_5,432-G27947YN 630-G59626AS
P02787-1,P02787-1_PF_6,432-G27947YN 630-G12341GU
P02787-1,P02787-1_PF_7,432-G27947YN 630-G05933EN
P02787-1,P02787-1_PF_8,432-G27947YN 630-G31986NC
P02787-1,P02787-1_PF_9,432-G27947YN 630-G00912UN
P02787-1,P02787-1_PF_10,432-G27947YN 630-G27947YN
P02790-1,P02790-1_PF_1,64-G60923RB 187-G05933EN 246-G60923RB 453-G59626AS
P02790-1,P02790-1_PF_2,64-G60923RB 187-G05933EN 246-G60923RB 453-G10486CT
P02790-1,P02790-1_PF_3,64-G60923RB 187-G05933EN 246-G59626AS 453-G00912UN
P02790-1,P02790-1_PF_4,64-G60923RB 187-G05933EN 246-G59626AS 453-G59626AS
P02790-1,P02790-1_PF_5,64-G60923RB 187-G05933EN 246-G59626AS 453-G06247RL
P02790-1,P02790-1_PF_6,64-G60923RB 187-G05933EN 246-G60923RB 453-None
P02790-1,P02790-1_PF_7,64-G60923RB 187-G05933EN 246-G59626AS 453-G10486CT
P02790-1,P02790-1_PF_8,64-G60923RB 187-G05933EN 246-G60923RB 453-G00912UN
P02790-1,P02790-1_PF_9,64-G60923RB 187-G05933EN 246-G59626AS 453-None
P02790-1,P02790-1_PF_10,64-G60923RB 187-G05933EN 246-G59626AS 453-G47737VJ
P03951-1,P03951-1_PF_1,491-None
P03951-1,P03951-1_PF_2,491-G00912UN
P03951-1,P03951-1_PF_3,491-G47737VJ
P03952-1,P03952-1_PF_1,127-G59626AS 308-G05933EN 396-G47737VJ 453-G00912UN 494-None
P03952-1,P03952-1_PF_2,127-G59626AS 308-G05933EN 396-G47737VJ 453-None 494-G00912UN
P03952-1,P03952-1_PF_3,127-G59626AS 308-G05933EN 396-G47737VJ 453-G00912UN 494-G47737VJ
P03952-1,P03952-1_PF_4,127-G59626AS 308-G05933EN 396-G47737VJ 453-G00912UN 494-G05933EN
P03952-1,P03952-1_PF_5,127-G59626AS 308-G05933EN 396-G47737VJ 453-G00912UN 494-G00912UN
P03952-1,P03952-1_PF_6,127-G59626AS 308-G05933EN 396-G47737VJ 453-None 494-G47737VJ
P03952-1,P03952-1_PF_7,127-G59626AS 308-G05933EN 396-G47737VJ 453-None 494-None
P03952-1,P03952-1_PF_8,127-G59626AS 308-G05933EN 396-G47737VJ 453-None 494-G59626AS
P03952-1,P03952-1_PF_9,127-G59626AS 308-G05933EN 396-G47737VJ 453-None 494-G05933EN
P03952-1,P03952-1_PF_10,127-G59626AS 308-G05933EN 396-G47737VJ 453-G00912UN 494-G59626AS
P04003-1,P04003-1_PF_1,221-None
P04003-1,P04003-1_PF_2,221-G10486CT
P04003-1,P04003-1_PF_3,221-G94917XT
P04003-1,P04003-1_PF_4,221-G06247RL
P04003-1,P04003-1_PF_5,221-G12341GU
P04003-1,P04003-1_PF_6,221-G47737VJ
P04003-1,P04003-1_PF_7,221-G88374WZ
P04003-1,P04003-1_PF_8,221-G00912UN
P04004-1,P04004-1_PF_1,86-G94917XT 169-G01650EU 242-G59626AS
P04004-1,P04004-1_PF_2,86-G94917XT 169-G01650EU 242-None
P04004-1,P04004-1_PF_3,86-G94917XT 169-G01650EU 242-G10486CT
P04004-1,P04004-1_PF_4,86-G94917XT 169-G01650EU 242-G94917XT
P04004-1,P04004-1_PF_5,86-G94917XT 169-G01650EU 242-G07799LX
P04004-1,P04004-1_PF_6,86-G94917XT 169-G01650EU 242-G88374WZ
P04004-1,P04004-1_PF_7,86-G94917XT 169-G00912UN 242-G00912UN
P04004-1,P04004-1_PF_8,86-G94917XT 169-G01650EU 242-G06247RL
P04004-1,P04004-1_PF_9,86-G94917XT 169-G01650EU 242-G85144OK
P04004-1,P04004-1_PF_10,86-G94917XT 169-G01650EU 242-G00912UN
P04114-1,P04114-1_PF_1,1523-G59626AS 2239-None 2982-None 3358-G80920RR 3411-None 3465-G10486CT 3895-G94917XT 4237-None
P04114-1,P04114-1_PF_2,1523-G59626AS 2239-None 2982-None 3358-G80920RR 3411-None 3465-G10486CT 3895-G94917XT 4237-G10486CT
P04114-1,P04114-1_PF_3,1523-G59626AS 2239-None 2982-None 3358-G80920RR 3411-None 3465-G10486CT 3895-G00912UN 4237-None
P04114-1,P04114-1_PF_4,1523-G59626AS 2239-None 2982-None 3358-G80920RR 3411-None 3465-G10486CT 3895-None 4237-None
P04114-1,P04114-1_PF_5,1523-G59626AS 2239-None 2982-None 3358-G80920RR 3411-None 3465-G10486CT 3895-G00912UN 4237-G10486CT
P04114-1,P04114-1_PF_6,1523-G59626AS 2239-None 2982-None 3358-G80920RR 3411-None 3465-G10486CT 3895-None 4237-G10486CT
P04114-1,P04114-1_PF_7,1523-G59626AS 2239-None 2982-None 3358-G80920RR 3411-None 3465-G10486CT 3895-G10486CT 4237-None
P04114-1,P04114-1_PF_8,1523-G59626AS 2239-None 2982-None 3358-G80920RR 3411-None 3465-G10486CT 3895-G10486CT 4237-G10486CT
P04114-1,P04114-1_PF_9,1523-G59626AS 2239-None 2982-None 3358-G80920RR 3411-None 3465-None 3895-None 4237-None
P04114-1,P04114-1_PF_10,1523-G59626AS 2239-None 2982-None 3358-G80920RR 3411-None 3465-None 3895-None 4237-G10486CT
P04196-1,P04196-1_PF_1,63-G00912UN 125-G05933EN 344-G60923RB 345-G00912UN
P04196-1,P04196-1_PF_2,63-G00912UN 125-G05933EN 344-G60923RB 345-G27947YN
P04196-1,P04196-1_PF_3,63-G00912UN 125-G05933EN 344-G00912UN 345-G85144OK
P04196-1,P04196-1_PF_4,63-G00912UN 125-G05933EN 344-G00912UN 345-G00912UN
P04196-1,P04196-1_PF_5,63-G00912UN 125-G05933EN 344-G60923RB 345-None
P04196-1,P04196-1_PF_6,63-G00912UN 125-G05933EN 344-G60923RB 345-G85144OK
P04196-1,P04196-1_PF_7,63-G00912UN 125-G05933EN 344-G60923RB 345-G10486CT
P04196-1,P04196-1_PF_8,63-G00912UN 125-G05933EN 344-G60923RB 345-G88374WZ
P04196-1,P04196-1_PF_9,63-G00912UN 125-G05933EN 344-G60923RB 345-G59626AS
P04196-1,P04196-1_PF_10,63-G00912UN 125-G05933EN 344-G60923RB 345-G08293MJ
P04217-1,P04217-1_PF_1,179-G43669FQ 371-G59626AS
P04217-1,P04217-1_PF_2,179-G00912UN 371-G59626AS
P04217-1,P04217-1_PF_3,179-G59626AS 371-G59626AS
P04217-1,P04217-1_PF_4,179-G43669FQ 371-None
P04217-1,P04217-1_PF_5,179-G59626AS 371-None
P04217-1,P04217-1_PF_6,179-G00912UN 371-G00912UN
P04217-1,P04217-1_PF_7,179-G00912UN 371-G47737VJ
P04217-1,P04217-1_PF_8,179-G43669FQ 371-G00912UN
P04217-1,P04217-1_PF_9,179-G43669FQ 371-G47737VJ
P04217-1,P04217-1_PF_10,179-G00912UN 371-None
P04278-1,P04278-1_PF_1,380-None
P04278-1,P04278-1_PF_2,380-G00912UN
P05090-1,P05090-1_PF_1,65-G47737VJ 98-G86752LQ
P05090-1,P05090-1_PF_2,65-G47737VJ 98-G08293MJ
P05090-1,P05090-1_PF_3,65-G47737VJ 98-G88374WZ
P05090-1,P05090-1_PF_4,65-G47737VJ 98-G06247RL
P05090-1,P05090-1_PF_5,65-G47737VJ 98-G27947YN
P05090-1,P05090-1_PF_6,65-G47737VJ 98-G32926LW
P05090-1,P05090-1_PF_7,65-G47737VJ 98-G07799LX
P05090-1,P05090-1_PF_8,65-G47737VJ 98-G44211QA
P05090-1,P05090-1_PF_9,65-G47737VJ 98-G83555HU
P05090-1,P05090-1_PF_10,65-G47737VJ 98-G94917XT
P05154-1,P05154-1_PF_1,262-G00912UN
P05154-1,P05154-1_PF_2,262-None
P05154-1,P05154-1_PF_3,262-G47737VJ
P05155-1,P05155-1_PF_1,69-G06247RL 238-None 253-G00912UN 352-G88374WZ
P05155-1,P05155-1_PF_2,69-G06247RL 238-None 253-G00912UN 352-None
P05155-1,P05155-1_PF_3,69-G06247RL 238-None 253-G00912UN 352-G10486CT
P05155-1,P05155-1_PF_4,69-G06247RL 238-None 253-G00912UN 352-G08293MJ
P05155-1,P05155-1_PF_5,69-G06247RL 238-None 253-G00912UN 352-G59626AS
P05155-1,P05155-1_PF_6,69-G06247RL 238-None 253-G88374WZ 352-G59626AS
P05155-1,P05155-1_PF_7,69-G06247RL 238-None 253-G00912UN 352-G47737VJ
P05155-1,P05155-1_PF_8,69-G06247RL 238-None 253-G88374WZ 352-G00912UN
P05155-1,P05155-1_PF_9,69-G06247RL 238-None 253-G00912UN 352-G00912UN
P05155-1,P05155-1_PF_10,69-G06247RL 238-None 253-G00912UN 352-G60923RB
P05156-1,P05156-1_PF_1,70-None 103-None 177-None 464-G00912UN 536-None
P05156-1,P05156-1_PF_2,70-None 103-None 177-None 464-None 536-G00912UN
P05156-1,P05156-1_PF_3,70-None 103-None 177-G00912UN 464-G00912UN 536-None
P05156-1,P05156-1_PF_4,70-None 103-None 177-G00912UN 464-None 536-G47737VJ
P05156-1,P05156-1_PF_5,70-None 103-None 177-None 464-G00912UN 536-G47737VJ
P05156-1,P05156-1_PF_6,70-None 103-None 177-G00912UN 464-G00912UN 536-G47737VJ
P05156-1,P05156-1_PF_7,70-None 103-None 177-G00912UN 464-None 536-G00912UN
P05156-1,P05156-1_PF_8,70-None 103-None 177-None 464-G00912UN 536-G00912UN
P05156-1,P05156-1_PF_9,70-None 103-None 177-G00912UN 464-G00912UN 536-G00912UN
P05156-1,P05156-1_PF_10,70-None 103-None 177-G00912UN 464-None 536-None
P05160-1,P05160-1_PF_1,162-None
P05160-1,P05160-1_PF_2,162-G47737VJ
P05160-1,P05160-1_PF_3,162-G00912UN
P05160-1,P05160-1_PF_4,162-G05933EN
P05543-1,P05543-1_PF_1,36-None 253-G00912UN
P05543-1,P05543-1_PF_2,36-G00912UN 253-None
P05543-1,P05543-1_PF_3,36-None 253-None
P05543-1,P05543-1_PF_4,36-G00912UN 253-G00912UN
P05546-1,P05546-1_PF_1,49-G00912UN 188-None
P05546-1,P05546-1_PF_2,49-G43669FQ 188-None
P05546-1,P05546-1_PF_3,49-G00912UN 188-G05933EN
P05546-1,P05546-1_PF_4,49-G43669FQ 188-G05933EN
P05546-1,P05546-1_PF_5,49-G59626AS 188-G00912UN
P05546-1,P05546-1_PF_6,49-G88374WZ 188-G05933EN
P05546-1,P05546-1_PF_7,49-G00912UN 188-G00912UN
P05546-1,P05546-1_PF_8,49-G43669FQ 188-G00912UN
P05546-1,P05546-1_PF_9,49-G59626AS 188-None
P05546-1,P05546-1_PF_10,49-G59626AS 188-G05933EN
P06681-1,P06681-1_PF_1,29-G94917XT 621-G41247ZX
P06681-1,P06681-1_PF_2,29-G94917XT 621-None
P06681-1,P06681-1_PF_3,29-None 621-G41247ZX
P06681-1,P06681-1_PF_4,29-None 621-None
P06756-1,P06756-1_PF_1,615-G80920RR
P06756-1,P06756-1_PF_2,615-None
P07339-1,P07339-1_PF_1,263-None
P07339-1,P07339-1_PF_2,263-G02815KT
P07357-1,P07357-1_PF_1,437-G00912UN
P07357-1,P07357-1_PF_2,437-None
P07358-1,P07358-1_PF_1,243-G00912UN
P07358-1,P07358-1_PF_2,243-None
P07602-1,P07602-1_PF_1,80-G72791KH
P07602-1,P07602-1_PF_2,80-None
P08185-1,P08185-1_PF_1,96-G06247RL
P08185-1,P08185-1_PF_2,96-G47737VJ
P08185-1,P08185-1_PF_3,96-None
P08185-1,P08185-1_PF_4,96-G00912UN
P08603-1,P08603-1_PF_1,217-G00912UN 529-G88374WZ 718-None 822-None 882-G08293MJ 911-None 1029-G06247RL
P08603-1,P08603-1_PF_2,217-G00912UN 529-G88374WZ 718-None 822-None 882-G08293MJ 911-None 1029-G88374WZ
P08603-1,P08603-1_PF_3,217-G00912UN 529-G88374WZ 718-None 822-None 882-G08293MJ 911-None 1029-None
P08603-1,P08603-1_PF_4,217-G00912UN 529-G88374WZ 718-None 822-None 882-G08293MJ 911-None 1029-G59626AS
P08603-1,P08603-1_PF_5,217-G00912UN 529-G88374WZ 718-None 822-None 882-G08293MJ 911-None 1029-G27126ED
P08603-1,P08603-1_PF_6,217-G00912UN 529-G88374WZ 718-None 822-None 882-G08293MJ 911-G06247RL 1029-G88374WZ
P08603-1,P08603-1_PF_7,217-G00912UN 529-G88374WZ 718-None 822-None 882-G08293MJ 911-None 1029-G47737VJ
P08603-1,P08603-1_PF_8,217-G00912UN 529-G88374WZ 718-None 822-None 882-G08293MJ 911-G06247RL 1029-G59626AS
P08603-1,P08603-1_PF_9,217-G00912UN 529-G88374WZ 718-None 822-None 882-G08293MJ 911-None 1029-G00912UN
P08603-1,P08603-1_PF_10,217-G00912UN 529-G88374WZ 718-None 822-None 882-G08293MJ 911-G06247RL 1029-G00912UN
P09486-1,P09486-1_PF_1,116-None
P09486-1,P09486-1_PF_2,116-G70087PV
P09871-1,P09871-1_PF_1,174-G59626AS 406-None
P09871-1,P09871-1_PF_2,174-G00912UN 406-G47737VJ
P09871-1,P09871-1_PF_3,174-G59626AS 406-G94917XT
P09871-1,P09871-1_PF_4,174-G00912UN 406-G00912UN
P09871-1,P09871-1_PF_5,174-G00912UN 406-G94917XT
P09871-1,P09871-1_PF_6,174-G59626AS 406-G47737VJ
P09871-1,P09871-1_PF_7,174-G00912UN 406-None
P09871-1,P09871-1_PF_8,174-None 406-G94917XT
P09871-1,P09871-1_PF_9,174-None 406-None
P09871-1,P09871-1_PF_10,174-G59626AS 406-G00912UN
P0C0L5-1,P0C0L5-1_PF_1,226-G25079LO 1328-G59626AS 1391-G47737VJ
P0C0L5-1,P0C0L5-1_PF_2,226-G25079LO 1328-None 1391-None
P0C0L5-1,P0C0L5-1_PF_3,226-G25079LO 1328-G10486CT 1391-None
P0C0L5-1,P0C0L5-1_PF_4,226-G25079LO 1328-None 1391-G47737VJ
P0C0L5-1,P0C0L5-1_PF_5,226-G80920RR 1328-G10486CT 1391-None
P0C0L5-1,P0C0L5-1_PF_6,226-G25079LO 1328-G59626AS 1391-None
P0C0L5-1,P0C0L5-1_PF_7,226-G25079LO 1328-G00912UN 1391-None
P0C0L5-1,P0C0L5-1_PF_8,226-G25079LO 1328-G10486CT 1391-G47737VJ
P0C0L5-1,P0C0L5-1_PF_9,226-G80920RR 1328-G10486CT 1391-G47737VJ
P0C0L5-1,P0C0L5-1_PF_10,226-G25079LO 1328-G00912UN 1391-G47737VJ
P10253-1,P10253-1_PF_1,470-None
P10253-1,P10253-1_PF_2,470-G41247ZX
P10253-1,P10253-1_PF_3,470-G02815KT
P10909-1,P10909-1_PF_1,86-G40926MX 103-G40926MX 145-G00912UN 291-G00912UN 354-G10486CT 374-G12341GU
P10909-1,P10909-1_PF_2,86-G40926MX 103-G40926MX 145-G00912UN 291-G00912UN 354-G10486CT 374-G00912UN
P10909-1,P10909-1_PF_3,86-G40926MX 103-G40926MX 145-G00912UN 291-G00912UN 354-G10486CT 374-G47737VJ
P10909-1,P10909-1_PF_4,86-G40926MX 103-G40926MX 145-G00912UN 291-G00912UN 354-G00912UN 374-G94917XT
P10909-1,P10909-1_PF_5,86-G40926MX 103-G40926MX 145-G00912UN 291-G00912UN 354-G10486CT 374-None
P10909-1,P10909-1_PF_6,86-G40926MX 103-G40926MX 145-G00912UN 291-G00912UN 354-G10486CT 374-G59626AS
P10909-1,P10909-1_PF_7,86-G40926MX 103-G40926MX 145-G00912UN 291-G00912UN 354-G10486CT 374-G27947YN
P10909-1,P10909-1_PF_8,86-G40926MX 103-G40926MX 145-G00912UN 291-G00912UN 354-G10486CT 374-G10486CT
P10909-1,P10909-1_PF_9,86-G40926MX 103-G40926MX 145-G00912UN 291-G00912UN 354-G10486CT 374-G94917XT
P10909-1,P10909-1_PF_10,86-G40926MX 103-G40926MX 145-G00912UN 291-G00912UN 354-G10486CT 374-G06247RL
P11279-1,P11279-1_PF_1,103-G41247ZX 322-G62765YT
P11279-1,P11279-1_PF_2,103-G31852PQ 322-None
P11279-1,P11279-1_PF_3,103-G01650EU 322-G80920RR
P11279-1,P11279-1_PF_4,103-G31852PQ 322-G80920RR
P11279-1,P11279-1_PF_5,103-G01650EU 322-G62765YT
P11279-1,P11279-1_PF_6,103-G41247ZX 322-None
P11279-1,P11279-1_PF_7,103-G28541PG 322-G80920RR
P11279-1,P11279-1_PF_8,103-G41247ZX 322-G80920RR
P11279-1,P11279-1_PF_9,103-G31852PQ 322-G62765YT
P11279-1,P11279-1_PF_10,103-G01650EU 322-None
P12259-1,P12259-1_PF_1,821-G00912UN 1703-G05933EN
P12259-1,P12259-1_PF_2,821-G00912UN 1703-G00912UN
P12259-1,P12259-1_PF_3,821-None 1703-G05933EN
P12259-1,P12259-1_PF_4,821-G00912UN 1703-None
P12259-1,P12259-1_PF_5,821-None 1703-G00912UN
P12259-1,P12259-1_PF_6,821-None 1703-None
P13473-1,P13473-1_PF_1,101-G37818NZ 257-None 275-G40926MX 356-G28541PG
P13473-1,P13473-1_PF_2,101-G37818NZ 257-None 275-G44753VC 356-G08293MJ
P13473-1,P13473-1_PF_3,101-G37818NZ 257-None 275-G40926MX 356-G02815KT
P13473-1,P13473-1_PF_4,101-G37818NZ 257-None 275-G40926MX 356-G95865ZB
P13473-1,P13473-1_PF_5,101-G37818NZ 257-None 275-G40926MX 356-G37399XV
P13473-1,P13473-1_PF_6,101-G37818NZ 257-None 275-G40926MX 356-G01650EU
P13473-1,P13473-1_PF_7,101-G37818NZ 257-None 275-G40926MX 356-None
P13473-1,P13473-1_PF_8,101-G37818NZ 257-None 275-G40926MX 356-G08293MJ
P13473-1,P13473-1_PF_9,101-G37818NZ 257-None 275-G40926MX 356-G59626AS
P13473-1,P13473-1_PF_10,101-G37818NZ 257-None 275-G44753VC 356-G02815KT
P14625-1,P14625-1_PF_1,62-G41247ZX 217-G02815KT
P14625-1,P14625-1_PF_2,62-G02815KT 217-G41247ZX
P14625-1,P14625-1_PF_3,62-G02815KT 217-G80920RR
P14625-1,P14625-1_PF_4,62-G41247ZX 217-G31852PQ
P14625-1,P14625-1_PF_5,62-G02815KT 217-G62765YT
P14625-1,P14625-1_PF_6,62-G02815KT 217-G02815KT
P14625-1,P14625-1_PF_7,62-G41247ZX 217-None
P14625-1,P14625-1_PF_8,62-G02815KT 217-G31852PQ
P14625-1,P14625-1_PF_9,62-G41247ZX 217-G80920RR
P14625-1,P14625-1_PF_10,62-G02815KT 217-None
P15586-1,P15586-1_PF_1,279-G41247ZX 362-G31852PQ
P15586-1,P15586-1_PF_2,279-None 362-G31852PQ
P15586-1,P15586-1_PF_3,279-None 362-None
P15586-1,P15586-1_PF_4,279-G41247ZX 362-G41247ZX
P15586-1,P15586-1_PF_5,279-None 362-G41247ZX
P15586-1,P15586-1_PF_6,279-G41247ZX 362-G02815KT
P15586-1,P15586-1_PF_7,279-None 362-G02815KT
P15586-1,P15586-1_PF_8,279-G41247ZX 362-None
P16870-1,P16870-1_PF_1,139-G09528DL 390-G00912UN
P16870-1,P16870-1_PF_2,139-G09528DL 390-None
P16870-1,P16870-1_PF_3,139-G83555HU 390-G44953PJ
P16870-1,P16870-1_PF_4,139-G83555HU 390-G68318VE
P16870-1,P16870-1_PF_5,139-G09528DL 390-G44953PJ
P16870-1,P16870-1_PF_6,139-G09528DL 390-G68318VE
P16870-1,P16870-1_PF_7,139-G09528DL 390-G08293MJ
P16870-1,P16870-1_PF_8,139-G83555HU 390-None
P16870-1,P16870-1_PF_9,139-G09528DL 390-G72790NZ
P16870-1,P16870-1_PF_10,139-G83555HU 390-G00912UN
P19652-1,P19652-1_PF_1,93-G11115RO
P19652-1,P19652-1_PF_2,93-G99679NM
P19652-1,P19652-1_PF_3,93-G37818NZ
P19652-1,P19652-1_PF_4,93-G94917XT
P19652-1,P19652-1_PF_5,93-G77338BR
P19652-1,P19652-1_PF_6,93-None
P19652-1,P19652-1_PF_7,93-G06247RL
P19652-1,P19652-1_PF_8,93-G41044JW
P19823-1,P19823-1_PF_1,118-G00912UN
P19823-1,P19823-1_PF_2,118-G47737VJ
P19823-1,P19823-1_PF_3,118-G59626AS
P19823-1,P19823-1_PF_4,118-None
P19827-1,P19827-1_PF_1,285-G94917XT 588-G88374WZ
P19827-1,P19827-1_PF_2,285-G07799LX 588-G88374WZ
P19827-1,P19827-1_PF_3,285-G08293MJ 588-None
P19827-1,P19827-1_PF_4,285-G94917XT 588-None
P19827-1,P19827-1_PF_5,285-G07799LX 588-None
P19827-1,P19827-1_PF_6,285-G08293MJ 588-G00912UN
P19827-1,P19827-1_PF_7,285-G08293MJ 588-G47737VJ
P19827-1,P19827-1_PF_8,285-G07799LX 588-G00912UN
P19827-1,P19827-1_PF_9,285-G08293MJ 588-G88374WZ
P19827-1,P19827-1_PF_10,285-G07799LX 588-G47737VJ
P20851-1,P20851-1_PF_1,98-G94917XT
P20851-1,P20851-1_PF_2,98-G00912UN
P20851-1,P20851-1_PF_3,98-G06247RL
P20851-1,P20851-1_PF_4,98-None
P20851-1,P20851-1_PF_5,98-G05933EN
P20851-1,P20851-1_PF_6,98-G59626AS
P23142-1,P23142-1_PF_1,98-G94917XT
P23142-1,P23142-1_PF_2,98-None
P23142-1,P23142-1_PF_3,98-G88374WZ
P25311-1,P25311-1_PF_1,109-G06247RL 112-G94917XT 128-G00912UN 259-None
P25311-1,P25311-1_PF_2,109-G06247RL 112-G07799LX 128-G00912UN 259-None
P25311-1,P25311-1_PF_3,109-G06247RL 112-G07799LX 128-None 259-G00912UN
P25311-1,P25311-1_PF_4,109-G06247RL 112-G07799LX 128-G59626AS 259-G00912UN
P25311-1,P25311-1_PF_5,109-G06247RL 112-G07799LX 128-G94917XT 259-G00912UN
P25311-1,P25311-1_PF_6,109-G06247RL 112-G07799LX 128-None 259-None
P25311-1,P25311-1_PF_7,109-G06247RL 112-G07799LX 128-G59626AS 259-None
P25311-1,P25311-1_PF_8,109-G06247RL 112-G07799LX 128-G94917XT 259-None
P25311-1,P25311-1_PF_9,109-G06247RL 112-G94917XT 128-G00912UN 259-G00912UN
P25311-1,P25311-1_PF_10,109-G06247RL 112-G07799LX 128-G00912UN 259-G00912UN
P26927-1,P26927-1_PF_1,72-None 615-G00912UN
P26927-1,P26927-1_PF_2,72-G00912UN 615-None
P26927-1,P26927-1_PF_3,72-None 615-None
P26927-1,P26927-1_PF_4,72-G00912UN 615-G00912UN
P27169-1,P27169-1_PF_1,253-None
P27169-1,P27169-1_PF_2,253-G00912UN
P27169-1,P27169-1_PF_3,253-G59626AS
P27918-1,P27918-1_PF_1,428-None
P27918-1,P27918-1_PF_2,428-G08293MJ
P29622-1,P29622-1_PF_1,157-None 238-G00912UN
P29622-1,P29622-1_PF_2,157-G00912UN 238-G00912UN
P29622-1,P29622-1_PF_3,157-None 238-None
P29622-1,P29622-1_PF_4,157-G00912UN 238-None
P35556-1,P35556-1_PF_1,2808-None
P35556-1,P35556-1_PF_2,2808-G08293MJ
P36955-1,P36955-1_PF_1,285-G08293MJ
P36955-1,P36955-1_PF_2,285-G59626AS
P36955-1,P36955-1_PF_3,285-G88374WZ
P36955-1,P36955-1_PF_4,285-G00912UN
P36955-1,P36955-1_PF_5,285-G12580WI
P36955-1,P36955-1_PF_6,285-None
P43251-1,P43251-1_PF_1,150-G47737VJ 402-G00912UN
P43251-1,P43251-1_PF_2,150-G00912UN 402-None
P43251-1,P43251-1_PF_3,150-G00912UN 402-G05933EN
P43251-1,P43251-1_PF_4,150-None 402-None
P43251-1,P43251-1_PF_5,150-G47737VJ 402-None
P43251-1,P43251-1_PF_6,150-None 402-G05933EN
P43251-1,P43251-1_PF_7,150-G47737VJ 402-G05933EN
P43251-1,P43251-1_PF_8,150-G00912UN 402-G00912UN
P43251-1,P43251-1_PF_9,150-None 402-G00912UN
P43307-1,P43307-1_PF_1,136-G62765YT
P43307-1,P43307-1_PF_2,136-G80920RR
P43307-1,P43307-1_PF_3,136-None
P43308-1,P43308-1_PF_1,88-None 104-G62765YT
P43308-1,P43308-1_PF_2,88-None 104-G31852PQ
P43308-1,P43308-1_PF_3,88-None 104-None
P43308-1,P43308-1_PF_4,88-G62765YT 104-G62765YT
P43308-1,P43308-1_PF_5,88-G80920RR 104-G62765YT
P43308-1,P43308-1_PF_6,88-G62765YT 104-G31852PQ
P43308-1,P43308-1_PF_7,88-G62765YT 104-None
P43308-1,P43308-1_PF_8,88-G31852PQ 104-G62765YT
P43308-1,P43308-1_PF_9,88-G31852PQ 104-G31852PQ
P43308-1,P43308-1_PF_10,88-G31852PQ 104-None
P43652-1,P43652-1_PF_1,33-G00912UN 109-G00912UN 402-G00912UN
P43652-1,P43652-1_PF_2,33-G00912UN 109-G00912UN 402-G47737VJ
P43652-1,P43652-1_PF_3,33-G00912UN 109-G10486CT 402-None
P43652-1,P43652-1_PF_4,33-G00912UN 109-G59626AS 402-G00912UN
P43652-1,P43652-1_PF_5,33-G00912UN 109-G59626AS 402-G47737VJ
P43652-1,P43652-1_PF_6,33-G00912UN 109-G10486CT 402-G00912UN
P43652-1,P43652-1_PF_7,33-G00912UN 109-G10486CT 402-G47737VJ
P43652-1,P43652-1_PF_8,33-G00912UN 109-G00912UN 402-None
P43652-1,P43652-1_PF_9,33-G00912UN 109-None 402-G00912UN
P43652-1,P43652-1_PF_10,33-G00912UN 109-G59626AS 402-None
P46977-1,P46977-1_PF_1,548-G80920RR
P46977-1,P46977-1_PF_2,548-G62765YT
P46977-1,P46977-1_PF_3,548-None
P48723-1,P48723-1_PF_1,184-None
P48723-1,P48723-1_PF_2,184-G62765YT
P48960-1,P48960-1_PF_1,453-None
P48960-1,P48960-1_PF_2,453-G68318VE
P49908-1,P49908-1_PF_1,83-G00912UN 174-G00912UN
P49908-1,P49908-1_PF_2,83-None 174-G00912UN
P49908-1,P49908-1_PF_3,83-G00912UN 174-None
P49908-1,P49908-1_PF_4,83-None 174-None
P51884-1,P51884-1_PF_1,127-None
P51884-1,P51884-1_PF_2,127-G08293MJ
P51884-1,P51884-1_PF_3,127-G87051GH
P51884-1,P51884-1_PF_4,127-G86752LQ
P55058-1,P55058-1_PF_1,398-G08293MJ
P55058-1,P55058-1_PF_2,398-None
P80108-1,P80108-1_PF_1,307-G00912UN 568-G00912UN 659-G05933EN
P80108-1,P80108-1_PF_2,307-G00912UN 568-None 659-G59626AS
P80108-1,P80108-1_PF_3,307-G00912UN 568-None 659-G05933EN
P80108-1,P80108-1_PF_4,307-G00912UN 568-G00912UN 659-G60923RB
P80108-1,P80108-1_PF_5,307-G00912UN 568-None 659-G60923RB
P80108-1,P80108-1_PF_6,307-G00912UN 568-G00912UN 659-None
P80108-1,P80108-1_PF_7,307-G00912UN 568-G00912UN 659-G59626AS
P80108-1,P80108-1_PF_8,307-None 568-G00912UN 659-G59626AS
P80108-1,P80108-1_PF_9,307-G00912UN 568-None 659-None
P80108-1,P80108-1_PF_10,307-None 568-G00912UN 659-None
Q03591-1,Q03591-1_PF_1,126-None
Q03591-1,Q03591-1_PF_2,126-G00912UN
Q08380-1,Q08380-1_PF_1,69-G73686WG 125-None 398-G94917XT 551-G08293MJ
Q08380-1,Q08380-1_PF_2,69-G73686WG 125-None 398-G94917XT 551-G32926LW
Q08380-1,Q08380-1_PF_3,69-G73686WG 125-None 398-G94917XT 551-None
Q08380-1,Q08380-1_PF_4,69-G73686WG 125-None 398-G94917XT 551-G41126SR
Q08380-1,Q08380-1_PF_5,69-G73686WG 125-None 398-G12341GU 551-G85144OK
Q08380-1,Q08380-1_PF_6,69-G73686WG 125-None 398-G94917XT 551-G01650EU
Q08380-1,Q08380-1_PF_7,69-G73686WG 125-None 398-G94917XT 551-G72791KH
Q08380-1,Q08380-1_PF_8,69-G73686WG 125-None 398-G94917XT 551-G83555HU
Q08380-1,Q08380-1_PF_9,69-G73686WG 125-None 398-G94917XT 551-G85144OK
Q08380-1,Q08380-1_PF_10,69-G73686WG 125-None 398-G12341GU 551-None
Q08722-1,Q08722-1_PF_1,73-G28541PG
Q08722-1,Q08722-1_PF_2,73-None
Q08722-1,Q08722-1_PF_3,73-G02815KT
Q08722-1,Q08722-1_PF_4,73-G31852PQ
Q12907-1,Q12907-1_PF_1,183-G88725PI
Q12907-1,Q12907-1_PF_2,183-G25987BV
Q12907-1,Q12907-1_PF_3,183-None
Q14108-1,Q14108-1_PF_1,412-G83460ZZ
Q14108-1,Q14108-1_PF_2,412-None
Q14108-1,Q14108-1_PF_3,412-G80920RR
Q14624-1,Q14624-1_PF_1,81-None 207-G10486CT 517-G94917XT 577-G44211QA
Q14624-1,Q14624-1_PF_2,81-None 207-G10486CT 517-G94917XT 577-G00912UN
Q14624-1,Q14624-1_PF_3,81-None 207-G10486CT 517-G94917XT 577-G85144OK
Q14624-1,Q14624-1_PF_4,81-None 207-G10486CT 517-G94917XT 577-G06247RL
Q14624-1,Q14624-1_PF_5,81-None 207-G10486CT 517-G94917XT 577-G60033FS
Q14624-1,Q14624-1_PF_6,81-None 207-G10486CT 517-G94917XT 577-G59626AS
Q14624-1,Q14624-1_PF_7,81-None 207-G10486CT 517-G94917XT 577-None
Q14624-1,Q14624-1_PF_8,81-None 207-G10486CT 517-G94917XT 577-G10486CT
Q14624-1,Q14624-1_PF_9,81-None 207-G10486CT 517-G94917XT 577-G55216FT
Q14624-1,Q14624-1_PF_10,81-None 207-G10486CT 517-G94917XT 577-G94917XT
Q15165-2,Q15165-2_PF_1,254-G62765YT 323-G62765YT
Q15165-2,Q15165-2_PF_2,254-None 323-G62765YT
Q15165-2,Q15165-2_PF_3,254-G62765YT 323-None
Q15165-2,Q15165-2_PF_4,254-None 323-None
Q15293-1,Q15293-1_PF_1,53-G02815KT
Q15293-1,Q15293-1_PF_2,53-G88725PI
Q15293-1,Q15293-1_PF_3,53-G62765YT
Q15293-1,Q15293-1_PF_4,53-G80475RE
Q15293-1,Q15293-1_PF_5,53-None
Q15293-1,Q15293-1_PF_6,53-G25987BV
Q15293-1,Q15293-1_PF_7,53-G31852PQ
Q15293-1,Q15293-1_PF_8,53-G41247ZX
Q16769-1,Q16769-1_PF_1,49-G08293MJ
Q16769-1,Q16769-1_PF_2,49-G88374WZ
Q16769-1,Q16769-1_PF_3,49-None
Q5JTV8-1,Q5JTV8-1_PF_1,399-G02815KT
Q5JTV8-1,Q5JTV8-1_PF_2,399-None
Q5JTV8-1,Q5JTV8-1_PF_3,399-G62765YT
Q6ZXV5-1,Q6ZXV5-1_PF_1,541-None
Q6ZXV5-1,Q6ZXV5-1_PF_2,541-G41247ZX
Q6ZXV5-1,Q6ZXV5-1_PF_3,541-G02815KT
Q7Z4H8-1,Q7Z4H8-1_PF_1,61-None 306-G41247ZX
Q7Z4H8-1,Q7Z4H8-1_PF_2,61-None 306-None
Q7Z4H8-1,Q7Z4H8-1_PF_3,61-G80920RR 306-G41247ZX
Q7Z4H8-1,Q7Z4H8-1_PF_4,61-G80920RR 306-None
Q8IWU5-1,Q8IWU5-1_PF_1,112-None 198-G02815KT 241-G09197ZW
Q8IWU5-1,Q8IWU5-1_PF_2,112-G80920RR 198-G02815KT 241-G09197ZW
Q8IWU5-1,Q8IWU5-1_PF_3,112-G80920RR 198-None 241-G09197ZW
Q8IWU5-1,Q8IWU5-1_PF_4,112-G80920RR 198-G02815KT 241-G68318VE
Q8IWU5-1,Q8IWU5-1_PF_5,112-G80920RR 198-None 241-G68318VE
Q8IWU5-1,Q8IWU5-1_PF_6,112-None 198-G02815KT 241-G70087PV
Q8IWU5-1,Q8IWU5-1_PF_7,112-G80920RR 198-G02815KT 241-G70087PV
Q8IWU5-1,Q8IWU5-1_PF_8,112-G80920RR 198-None 241-G70087PV
Q8IWU5-1,Q8IWU5-1_PF_9,112-G80920RR 198-G02815KT 241-None
Q8IWU5-1,Q8IWU5-1_PF_10,112-G80920RR 198-None 241-None
Q8N766-1,Q8N766-1_PF_1,913-G62765YT
Q8N766-1,Q8N766-1_PF_2,913-G80920RR
Q8N766-1,Q8N766-1_PF_3,913-None
Q8NFQ8-1,Q8NFQ8-1_PF_1,286-None
Q8NFQ8-1,Q8NFQ8-1_PF_2,286-G62765YT
Q8NHP8-1,Q8NHP8-1_PF_1,465-None
Q8NHP8-1,Q8NHP8-1_PF_2,465-G41247ZX
Q8TC99-1,Q8TC99-1_PF_1,106-G49955PK
Q8TC99-1,Q8TC99-1_PF_2,106-G72790NZ
Q8TC99-1,Q8TC99-1_PF_3,106-G65184UU
Q8TC99-1,Q8TC99-1_PF_4,106-None
Q8TC99-1,Q8TC99-1_PF_5,106-G10486CT
Q8TCJ2-1,Q8TCJ2-1_PF_1,627-G62765YT
Q8TCJ2-1,Q8TCJ2-1_PF_2,627-G80920RR
Q8TCJ2-1,Q8TCJ2-1_PF_3,627-None
Q8TCJ2-1,Q8TCJ2-1_PF_4,627-G83460ZZ
Q8TEM1-1,Q8TEM1-1_PF_1,405-None 926-G41247ZX
Q8TEM1-1,Q8TEM1-1_PF_2,405-G80920RR 926-None
Q8TEM1-1,Q8TEM1-1_PF_3,405-G80920RR 926-G41247ZX
Q8TEM1-1,Q8TEM1-1_PF_4,405-None 926-None
Q92542-1,Q92542-1_PF_1,45-None 55-G80920RR 530-G80920RR
Q92542-1,Q92542-1_PF_2,45-None 55-G80920RR 530-None
Q92542-1,Q92542-1_PF_3,45-None 55-G80920RR 530-G62765YT
Q92542-1,Q92542-1_PF_4,45-None 55-None 530-G80920RR
Q92542-1,Q92542-1_PF_5,45-G80920RR 55-G80920RR 530-G80920RR
Q92542-1,Q92542-1_PF_6,45-G80920RR 55-G80920RR 530-G62765YT
Q92542-1,Q92542-1_PF_7,45-G80920RR 55-None 530-G80920RR
Q92542-1,Q92542-1_PF_8,45-G80920RR 55-G80920RR 530-None
Q92542-1,Q92542-1_PF_9,45-G80920RR 55-None 530-None
Q92542-1,Q92542-1_PF_10,45-G80920RR 55-None 530-G62765YT
Q92626-1,Q92626-1_PF_1,1178-G80920RR
Q92626-1,Q92626-1_PF_2,1178-G62765YT
Q92626-1,Q92626-1_PF_3,1178-G02815KT
Q92626-1,Q92626-1_PF_4,1178-None
Q92820-1,Q92820-1_PF_1,203-None
Q92820-1,Q92820-1_PF_2,203-G92050GC
Q92820-1,Q92820-1_PF_3,203-G02815KT
Q92820-1,Q92820-1_PF_4,203-G28681TP
Q92820-1,Q92820-1_PF_5,203-G41247ZX
Q969N2-1,Q969N2-1_PF_1,327-None
Q969N2-1,Q969N2-1_PF_2,327-G41247ZX
Q969N2-1,Q969N2-1_PF_3,327-G02815KT
Q96AY3-1,Q96AY3-1_PF_1,182-G62765YT 294-G80920RR 407-G31852PQ
Q96AY3-1,Q96AY3-1_PF_2,182-G62765YT 294-G80920RR 407-G62765YT
Q96AY3-1,Q96AY3-1_PF_3,182-G62765YT 294-G80920RR 407-G41247ZX
Q96AY3-1,Q96AY3-1_PF_4,182-G62765YT 294-None 407-G41247ZX
Q96AY3-1,Q96AY3-1_PF_5,182-G62765YT 294-None 407-None
Q96AY3-1,Q96AY3-1_PF_6,182-None 294-G80920RR 407-G31852PQ
Q96AY3-1,Q96AY3-1_PF_7,182-None 294-G80920RR 407-G41247ZX
Q96AY3-1,Q96AY3-1_PF_8,182-G62765YT 294-None 407-G31852PQ
Q96AY3-1,Q96AY3-1_PF_9,182-G62765YT 294-G80920RR 407-None
Q96AY3-1,Q96AY3-1_PF_10,182-G62765YT 294-None 407-G62765YT
Q96HE7-1,Q96HE7-1_PF_1,280-G25079LO
Q96HE7-1,Q96HE7-1_PF_2,280-G80920RR
Q96HE7-1,Q96HE7-1_PF_3,280-G41247ZX
Q96HE7-1,Q96HE7-1_PF_4,280-None
Q96HE7-1,Q96HE7-1_PF_5,280-G62765YT
Q96IY4-1,Q96IY4-1_PF_1,73-G06247RL
Q96IY4-1,Q96IY4-1_PF_2,73-None
Q96JJ7-1,Q96JJ7-1_PF_1,258-None
Q96JJ7-1,Q96JJ7-1_PF_2,258-G62765YT
Q96JJ7-1,Q96JJ7-1_PF_3,258-G31852PQ
Q96KA5-1,Q96KA5-1_PF_1,229-G31852PQ
Q96KA5-1,Q96KA5-1_PF_2,229-None
Q96KA5-1,Q96KA5-1_PF_3,229-G62765YT
Q96PD5-1,Q96PD5-1_PF_1,77-G00912UN 367-G05933EN 485-None
Q96PD5-1,Q96PD5-1_PF_2,77-G00912UN 367-None 485-None
Q96PD5-1,Q96PD5-1_PF_3,77-G00912UN 367-G59626AS 485-G00912UN
Q96PD5-1,Q96PD5-1_PF_4,77-G00912UN 367-G00912UN 485-G00912UN
Q96PD5-1,Q96PD5-1_PF_5,77-G00912UN 367-G05933EN 485-G00912UN
Q96PD5-1,Q96PD5-1_PF_6,77-G00912UN 367-G47737VJ 485-G00912UN
Q96PD5-1,Q96PD5-1_PF_7,77-G00912UN 367-G59626AS 485-None
Q96PD5-1,Q96PD5-1_PF_8,77-G00912UN 367-None 485-G00912UN
Q96PD5-1,Q96PD5-1_PF_9,77-G00912UN 367-G00912UN 485-None
Q96PD5-1,Q96PD5-1_PF_10,77-G00912UN 367-G47737VJ 485-None
Q9BU23-1,Q9BU23-1_PF_1,616-G62765YT
Q9BU23-1,Q9BU23-1_PF_2,616-G41247ZX
Q9BU23-1,Q9BU23-1_PF_3,616-None
Q9BU23-1,Q9BU23-1_PF_4,616-G31852PQ
Q9BWF2-1,Q9BWF2-1_PF_1,317-G37412TK
Q9BWF2-1,Q9BWF2-1_PF_2,317-G86182NS
Q9BWF2-1,Q9BWF2-1_PF_3,317-None
Q9BYF1-1,Q9BYF1-1_PF_1,53-G08293MJ 90-G35029YA 103-G59937CP 322-None 432-G59937CP 546-G83555HU 690-G57776ZU
Q9BYF1-1,Q9BYF1-1_PF_2,53-G08293MJ 90-G35029YA 103-G59937CP 322-None 432-G59937CP 546-G83555HU 690-G80475RE
Q9BYF1-1,Q9BYF1-1_PF_3,53-G08293MJ 90-G35029YA 103-G59937CP 322-None 432-G59937CP 546-G83555HU 690-G59937CP
Q9BYF1-1,Q9BYF1-1_PF_4,53-G08293MJ 90-G35029YA 103-G59937CP 322-None 432-G59937CP 546-G83555HU 690-G35029YA
Q9BYF1-1,Q9BYF1-1_PF_5,53-G08293MJ 90-G35029YA 103-G59937CP 322-None 432-G59937CP 546-G83555HU 690-G45504EY
Q9BYF1-1,Q9BYF1-1_PF_6,53-G08293MJ 90-G35029YA 103-G59937CP 322-None 432-G59937CP 546-G83555HU 690-G39446WN
Q9BYF1-1,Q9BYF1-1_PF_7,53-G08293MJ 90-G35029YA 103-G59937CP 322-None 432-G59937CP 546-G83555HU 690-G59626AS
Q9BYF1-1,Q9BYF1-1_PF_8,53-G08293MJ 90-G35029YA 103-G59937CP 322-None 432-G59937CP 546-G83555HU 690-G08293MJ
Q9BYF1-1,Q9BYF1-1_PF_9,53-G08293MJ 90-G35029YA 103-G59937CP 322-None 432-G59937CP 546-G83555HU 690-G72787SB
Q9BYF1-1,Q9BYF1-1_PF_10,53-G08293MJ 90-G35029YA 103-G59937CP 322-None 432-G59937CP 546-G83555HU 690-G83555HU
Q9H3G5-1,Q9H3G5-1_PF_1,81-G92050GC 346-G82364UA
Q9H3G5-1,Q9H3G5-1_PF_2,81-G92050GC 346-None
Q9H3G5-1,Q9H3G5-1_PF_3,81-None 346-G02815KT
Q9H3G5-1,Q9H3G5-1_PF_4,81-None 346-G92050GC
Q9H3G5-1,Q9H3G5-1_PF_5,81-None 346-G82364UA
Q9H3G5-1,Q9H3G5-1_PF_6,81-None 346-None
Q9H3G5-1,Q9H3G5-1_PF_7,81-None 346-G28681TP
Q9H3G5-1,Q9H3G5-1_PF_8,81-G92050GC 346-G02815KT
Q9H3G5-1,Q9H3G5-1_PF_9,81-G92050GC 346-G92050GC
Q9H3G5-1,Q9H3G5-1_PF_10,81-None 346-G41247ZX
Q9HDC9-1,Q9HDC9-1_PF_1,160-G41247ZX 196-G31852PQ
Q9HDC9-1,Q9HDC9-1_PF_2,160-G02815KT 196-G41247ZX
Q9HDC9-1,Q9HDC9-1_PF_3,160-G41247ZX 196-None
Q9HDC9-1,Q9HDC9-1_PF_4,160-G02815KT 196-G62765YT
Q9HDC9-1,Q9HDC9-1_PF_5,160-None 196-G31852PQ
Q9HDC9-1,Q9HDC9-1_PF_6,160-G02815KT 196-G31852PQ
Q9HDC9-1,Q9HDC9-1_PF_7,160-G02815KT 196-None
Q9HDC9-1,Q9HDC9-1_PF_8,160-G41247ZX 196-G41247ZX
Q9HDC9-1,Q9HDC9-1_PF_9,160-None 196-G41247ZX
Q9HDC9-1,Q9HDC9-1_PF_10,160-G41247ZX 196-G62765YT
Q9NUM4-1,Q9NUM4-1_PF_1,183-G41247ZX
Q9NUM4-1,Q9NUM4-1_PF_2,183-None
Q9NUM4-1,Q9NUM4-1_PF_3,183-G31852PQ
Q9NYU2-1,Q9NYU2-1_PF_1,269-G41247ZX
Q9NYU2-1,Q9NYU2-1_PF_2,269-None
Q9UBV2-1,Q9UBV2-1_PF_1,217-None 431-G80920RR 608-None
Q9UBV2-1,Q9UBV2-1_PF_2,217-None 431-None 608-G80920RR
Q9UBV2-1,Q9UBV2-1_PF_3,217-G80920RR 431-G80920RR 608-G80920RR
Q9UBV2-1,Q9UBV2-1_PF_4,217-G80920RR 431-None 608-G80920RR
Q9UBV2-1,Q9UBV2-1_PF_5,217-None 431-None 608-None
Q9UBV2-1,Q9UBV2-1_PF_6,217-G80920RR 431-G80920RR 608-None
Q9UBV2-1,Q9UBV2-1_PF_7,217-G80920RR 431-None 608-None
Q9UBV2-1,Q9UBV2-1_PF_8,217-None 431-G80920RR 608-G80920RR
Q9UGM5-1,Q9UGM5-1_PF_1,37-None 136-G00912UN
Q9UGM5-1,Q9UGM5-1_PF_2,37-G00912UN 136-G00912UN
Q9UGM5-1,Q9UGM5-1_PF_3,37-None 136-G59626AS
Q9UGM5-1,Q9UGM5-1_PF_4,37-None 136-G10486CT
Q9UGM5-1,Q9UGM5-1_PF_5,37-None 136-None
Q9UGM5-1,Q9UGM5-1_PF_6,37-G00912UN 136-G10486CT
Q9UGM5-1,Q9UGM5-1_PF_7,37-G00912UN 136-G59626AS
Q9UGM5-1,Q9UGM5-1_PF_8,37-G00912UN 136-None
Q9UHG3-1,Q9UHG3-1_PF_1,196-G80920RR 353-None
Q9UHG3-1,Q9UHG3-1_PF_2,196-None 353-G31852PQ
Q9UHG3-1,Q9UHG3-1_PF_3,196-None 353-None
Q9UHG3-1,Q9UHG3-1_PF_4,196-G31852PQ 353-G31852PQ
Q9UHG3-1,Q9UHG3-1_PF_5,196-G80920RR 353-G80920RR
Q9UHG3-1,Q9UHG3-1_PF_6,196-None 353-G80920RR
Q9UHG3-1,Q9UHG3-1_PF_7,196-G31852PQ 353-G80920RR
Q9UHG3-1,Q9UHG3-1_PF_8,196-G80920RR 353-G62765YT
Q9UHG3-1,Q9UHG3-1_PF_9,196-G80920RR 353-G31852PQ
Q9UHG3-1,Q9UHG3-1_PF_10,196-None 353-G62765YT
Q9Y4L1-1,Q9Y4L1-1_PF_1,515-G31852PQ 830-None
Q9Y4L1-1,Q9Y4L1-1_PF_2,515-G31852PQ 830-G31852PQ
Q9Y4L1-1,Q9Y4L1-1_PF_3,515-G62765YT 830-G02815KT
Q9Y4L1-1,Q9Y4L1-1_PF_4,515-G31852PQ 830-G41247ZX
Q9Y4L1-1,Q9Y4L1-1_PF_5,515-G62765YT 830-G62765YT
Q9Y4L1-1,Q9Y4L1-1_PF_6,515-G62765YT 830-None
Q9Y4L1-1,Q9Y4L1-1_PF_7,515-G31852PQ 830-G02815KT
Q9Y4L1-1,Q9Y4L1-1_PF_8,515-G62765YT 830-G41247ZX
Q9Y4L1-1,Q9Y4L1-1_PF_9,515-G31852PQ 830-G62765YT
Q9Y4L1-1,Q9Y4L1-1_PF_10,515-G62765YT 830-G31852PQ
